Series Name,Series Code,Country Name,Country Code,2021 [YR2021]
"GDP, PPP (current international $)",NY.GDP.MKTP.PP.CD,Afghanistan,AFG,66797918068.5774
"GDP, PPP (current international $)",NY.GDP.MKTP.PP.CD,Albania,ALB,44464843324.881
"GDP, PPP (current international $)",NY.GDP.MKTP.PP.CD,Algeria,DZA,535802556587.487
"GDP, PPP (current international $)",NY.GDP.MKTP.PP.CD,American Samoa,ASM,..
"GDP, PPP (current international $)",NY.GDP.MKTP.PP.CD,Andorra,AND,..
"GDP, PPP (current international $)",NY.GDP.MKTP.PP.CD,Angola,AGO,223968329962.469
"GDP, PPP (current international $)",NY.GDP.MKTP.PP.CD,Antigua and Barbuda,ATG,1958531523.18315
"GDP, PPP (current international $)",NY.GDP.MKTP.PP.CD,Argentina,ARG,1083361763233
"GDP, PPP (current international $)",NY.GDP.MKTP.PP.CD,Armenia,ARM,43518226807.9485
"GDP, PPP (current international $)",NY.GDP.MKTP.PP.CD,Aruba,ABW,4548955165.72919
"GDP, PPP (current international $)",NY.GDP.MKTP.PP.CD,Australia,AUS,1437172297451.33
"GDP, PPP (current international $)",NY.GDP.MKTP.PP.CD,Austria,AUT,533341482570.592
"GDP, PPP (current international $)",NY.GDP.MKTP.PP.CD,Azerbaijan,AZE,160729472760.502
"GDP, PPP (current international $)",NY.GDP.MKTP.PP.CD,"Bahamas, The",BHS,13537883107.8404
"GDP, PPP (current international $)",NY.GDP.MKTP.PP.CD,Bahrain,BHR,79392034653.1786
"GDP, PPP (current international $)",NY.GDP.MKTP.PP.CD,Bangladesh,BGD,1099767213458.98
"GDP, PPP (current international $)",NY.GDP.MKTP.PP.CD,Barbados,BRB,4249201201.54306
"GDP, PPP (current international $)",NY.GDP.MKTP.PP.CD,Belarus,BLR,202671495340.37
"GDP, PPP (current international $)",NY.GDP.MKTP.PP.CD,Belgium,BEL,688480845299.085
"GDP, PPP (current international $)",NY.GDP.MKTP.PP.CD,Belize,BLZ,3850927852.10185
"GDP, PPP (current international $)",NY.GDP.MKTP.PP.CD,Benin,BEN,47426198185.2374
"GDP, PPP (current international $)",NY.GDP.MKTP.PP.CD,Bermuda,BMU,5632141148.61389
"GDP, PPP (current international $)",NY.GDP.MKTP.PP.CD,Bhutan,BTN,9316861178.72335
"GDP, PPP (current international $)",NY.GDP.MKTP.PP.CD,Bolivia,BOL,106855999403.033
"GDP, PPP (current international $)",NY.GDP.MKTP.PP.CD,Bosnia and Herzegovina,BIH,57218377285.3752
"GDP, PPP (current international $)",NY.GDP.MKTP.PP.CD,Botswana,BWA,42202045545.4369
"GDP, PPP (current international $)",NY.GDP.MKTP.PP.CD,Brazil,BRA,3435882150019.29
"GDP, PPP (current international $)",NY.GDP.MKTP.PP.CD,British Virgin Islands,VGB,..
"GDP, PPP (current international $)",NY.GDP.MKTP.PP.CD,Brunei Darussalam,BRN,29419224102.1677
"GDP, PPP (current international $)",NY.GDP.MKTP.PP.CD,Bulgaria,BGR,193354340949.162
"GDP, PPP (current international $)",NY.GDP.MKTP.PP.CD,Burkina Faso,BFA,52924624145.5729
"GDP, PPP (current international $)",NY.GDP.MKTP.PP.CD,Burundi,BDI,9721452801.8507
"GDP, PPP (current international $)",NY.GDP.MKTP.PP.CD,Cabo Verde,CPV,3949066550.61253
"GDP, PPP (current international $)",NY.GDP.MKTP.PP.CD,Cambodia,KHM,79360287089.7949
"GDP, PPP (current international $)",NY.GDP.MKTP.PP.CD,Cameroon,CMR,110570898173.279
"GDP, PPP (current international $)",NY.GDP.MKTP.PP.CD,Canada,CAN,2016038366732.46
"GDP, PPP (current international $)",NY.GDP.MKTP.PP.CD,Cayman Islands,CYM,5052644014.08936
"GDP, PPP (current international $)",NY.GDP.MKTP.PP.CD,Central African Republic,CAF,5021009903.68172
"GDP, PPP (current international $)",NY.GDP.MKTP.PP.CD,Chad,TCD,26904179972.132
"GDP, PPP (current international $)",NY.GDP.MKTP.PP.CD,Channel Islands,CHI,..
"GDP, PPP (current international $)",NY.GDP.MKTP.PP.CD,Chile,CHL,552981391697.36
"GDP, PPP (current international $)",NY.GDP.MKTP.PP.CD,China,CHN,27312548291593.1
"GDP, PPP (current international $)",NY.GDP.MKTP.PP.CD,Colombia,COL,869840627132.734
"GDP, PPP (current international $)",NY.GDP.MKTP.PP.CD,Comoros,COM,2914175292.48454
"GDP, PPP (current international $)",NY.GDP.MKTP.PP.CD,"Congo, Dem. Rep.",COD,113107029912.041
"GDP, PPP (current international $)",NY.GDP.MKTP.PP.CD,"Congo, Rep.",COG,20736299344.6761
"GDP, PPP (current international $)",NY.GDP.MKTP.PP.CD,Costa Rica,CRI,116100281095.227
"GDP, PPP (current international $)",NY.GDP.MKTP.PP.CD,Cote d'Ivoire,CIV,160749183471.489
"GDP, PPP (current international $)",NY.GDP.MKTP.PP.CD,Croatia,HRV,134685972582.603
"GDP, PPP (current international $)",NY.GDP.MKTP.PP.CD,Cuba,CUB,..
"GDP, PPP (current international $)",NY.GDP.MKTP.PP.CD,Curacao,CUW,3478918595.46195
"GDP, PPP (current international $)",NY.GDP.MKTP.PP.CD,Cyprus,CYP,39980263498.8216
"GDP, PPP (current international $)",NY.GDP.MKTP.PP.CD,Czechia,CZE,480313797723.704
"GDP, PPP (current international $)",NY.GDP.MKTP.PP.CD,Denmark,DNK,378863832299.818
"GDP, PPP (current international $)",NY.GDP.MKTP.PP.CD,Djibouti,DJI,5967441822.44195
"GDP, PPP (current international $)",NY.GDP.MKTP.PP.CD,Dominica,DMA,865363745.087201
"GDP, PPP (current international $)",NY.GDP.MKTP.PP.CD,Dominican Republic,DOM,227499666712.829
"GDP, PPP (current international $)",NY.GDP.MKTP.PP.CD,Ecuador,ECU,208600950803.523
"GDP, PPP (current international $)",NY.GDP.MKTP.PP.CD,"Egypt, Arab Rep.",EGY,1388329424822.99
"GDP, PPP (current international $)",NY.GDP.MKTP.PP.CD,El Salvador,SLV,63027295302.7531
"GDP, PPP (current international $)",NY.GDP.MKTP.PP.CD,Equatorial Guinea,GNQ,26282447438.7075
"GDP, PPP (current international $)",NY.GDP.MKTP.PP.CD,Eritrea,ERI,..
"GDP, PPP (current international $)",NY.GDP.MKTP.PP.CD,Estonia,EST,56420510064.9406
"GDP, PPP (current international $)",NY.GDP.MKTP.PP.CD,Eswatini,SWZ,11600878053.0651
"GDP, PPP (current international $)",NY.GDP.MKTP.PP.CD,Ethiopia,ETH,306447087760.791
"GDP, PPP (current international $)",NY.GDP.MKTP.PP.CD,Faroe Islands,FRO,..
"GDP, PPP (current international $)",NY.GDP.MKTP.PP.CD,Fiji,FJI,10522588362.3812
"GDP, PPP (current international $)",NY.GDP.MKTP.PP.CD,Finland,FIN,305959912421.826
"GDP, PPP (current international $)",NY.GDP.MKTP.PP.CD,France,FRA,3455864816389.23
"GDP, PPP (current international $)",NY.GDP.MKTP.PP.CD,French Polynesia,PYF,..
"GDP, PPP (current international $)",NY.GDP.MKTP.PP.CD,Gabon,GAB,35529000505.4917
"GDP, PPP (current international $)",NY.GDP.MKTP.PP.CD,"Gambia, The",GMB,6022454960.04951
"GDP, PPP (current international $)",NY.GDP.MKTP.PP.CD,Georgia,GEO,63096682194.0307
"GDP, PPP (current international $)",NY.GDP.MKTP.PP.CD,Germany,DEU,4849560695227.46
"GDP, PPP (current international $)",NY.GDP.MKTP.PP.CD,Ghana,GHA,196050132518.675
"GDP, PPP (current international $)",NY.GDP.MKTP.PP.CD,Gibraltar,GIB,..
"GDP, PPP (current international $)",NY.GDP.MKTP.PP.CD,Greece,GRC,335133033938.539
"GDP, PPP (current international $)",NY.GDP.MKTP.PP.CD,Greenland,GRL,..
"GDP, PPP (current international $)",NY.GDP.MKTP.PP.CD,Grenada,GRD,1873866431.76793
"GDP, PPP (current international $)",NY.GDP.MKTP.PP.CD,Guam,GUM,..
"GDP, PPP (current international $)",NY.GDP.MKTP.PP.CD,Guatemala,GTM,167792339917.516
"GDP, PPP (current international $)",NY.GDP.MKTP.PP.CD,Guinea,GIN,39251579673.6738
"GDP, PPP (current international $)",NY.GDP.MKTP.PP.CD,Guinea-Bissau,GNB,4146064483.44827
"GDP, PPP (current international $)",NY.GDP.MKTP.PP.CD,Guyana,GUY,19379525610.189
"GDP, PPP (current international $)",NY.GDP.MKTP.PP.CD,Haiti,HTI,36095639132.6724
"GDP, PPP (current international $)",NY.GDP.MKTP.PP.CD,Honduras,HND,62919565687.4281
"GDP, PPP (current international $)",NY.GDP.MKTP.PP.CD,"Hong Kong SAR, China",HKG,488461722079.693
"GDP, PPP (current international $)",NY.GDP.MKTP.PP.CD,Hungary,HUN,357074809712.595
"GDP, PPP (current international $)",NY.GDP.MKTP.PP.CD,Iceland,ISL,21599436220.8163
"GDP, PPP (current international $)",NY.GDP.MKTP.PP.CD,India,IND,10193555145927.3
"GDP, PPP (current international $)",NY.GDP.MKTP.PP.CD,Indonesia,IDN,3566265111446.87
"GDP, PPP (current international $)",NY.GDP.MKTP.PP.CD,"Iran, Islamic Rep.",IRN,1449336478964.25
"GDP, PPP (current international $)",NY.GDP.MKTP.PP.CD,Iraq,IRQ,428633553457.637
"GDP, PPP (current international $)",NY.GDP.MKTP.PP.CD,Ireland,IRL,530404211734.27
"GDP, PPP (current international $)",NY.GDP.MKTP.PP.CD,Isle of Man,IMN,..
"GDP, PPP (current international $)",NY.GDP.MKTP.PP.CD,Israel,ISR,406793288533.742
"GDP, PPP (current international $)",NY.GDP.MKTP.PP.CD,Italy,ITA,2741817339469.38
"GDP, PPP (current international $)",NY.GDP.MKTP.PP.CD,Jamaica,JAM,29811646922.6362
"GDP, PPP (current international $)",NY.GDP.MKTP.PP.CD,Japan,JPN,5310169524261.11
"GDP, PPP (current international $)",NY.GDP.MKTP.PP.CD,Jordan,JOR,112959970081.443
"GDP, PPP (current international $)",NY.GDP.MKTP.PP.CD,Kazakhstan,KAZ,545041403819.964
"GDP, PPP (current international $)",NY.GDP.MKTP.PP.CD,Kenya,KEN,276221293785.249
"GDP, PPP (current international $)",NY.GDP.MKTP.PP.CD,Kiribati,KIR,274253748.691423
"GDP, PPP (current international $)",NY.GDP.MKTP.PP.CD,"Korea, Dem. People's Rep.",PRK,..
"GDP, PPP (current international $)",NY.GDP.MKTP.PP.CD,"Korea, Rep.",KOR,2425556119305.55
"GDP, PPP (current international $)",NY.GDP.MKTP.PP.CD,Kosovo,XKX,23318334908.5639
"GDP, PPP (current international $)",NY.GDP.MKTP.PP.CD,Kuwait,KWT,..
"GDP, PPP (current international $)",NY.GDP.MKTP.PP.CD,Kyrgyz Republic,KGZ,35397528301.5484
"GDP, PPP (current international $)",NY.GDP.MKTP.PP.CD,Lao PDR,LAO,64008799938.2234
"GDP, PPP (current international $)",NY.GDP.MKTP.PP.CD,Latvia,LVA,64575186898.9029
"GDP, PPP (current international $)",NY.GDP.MKTP.PP.CD,Lebanon,LBN,79732404838.245
"GDP, PPP (current international $)",NY.GDP.MKTP.PP.CD,Lesotho,LSO,5752756216.43659
"GDP, PPP (current international $)",NY.GDP.MKTP.PP.CD,Liberia,LBR,8120180788.46175
"GDP, PPP (current international $)",NY.GDP.MKTP.PP.CD,Libya,LBY,162527823149.666
"GDP, PPP (current international $)",NY.GDP.MKTP.PP.CD,Liechtenstein,LIE,..
"GDP, PPP (current international $)",NY.GDP.MKTP.PP.CD,Lithuania,LTU,120984865729.221
"GDP, PPP (current international $)",NY.GDP.MKTP.PP.CD,Luxembourg,LUX,85361281976.9435
"GDP, PPP (current international $)",NY.GDP.MKTP.PP.CD,"Macao SAR, China",MAC,48876569462.7431
"GDP, PPP (current international $)",NY.GDP.MKTP.PP.CD,Madagascar,MDG,46494497008.9213
"GDP, PPP (current international $)",NY.GDP.MKTP.PP.CD,Malawi,MWI,32582425634.7195
"GDP, PPP (current international $)",NY.GDP.MKTP.PP.CD,Malaysia,MYS,971274521662.056
"GDP, PPP (current international $)",NY.GDP.MKTP.PP.CD,Maldives,MDV,10750030600.0902
"GDP, PPP (current international $)",NY.GDP.MKTP.PP.CD,Mali,MLI,51032174284.6998
"GDP, PPP (current international $)",NY.GDP.MKTP.PP.CD,Malta,MLT,25359865479.4025
"GDP, PPP (current international $)",NY.GDP.MKTP.PP.CD,Marshall Islands,MHL,275411600.233808
"GDP, PPP (current international $)",NY.GDP.MKTP.PP.CD,Mauritania,MRT,26909069259.1698
"GDP, PPP (current international $)",NY.GDP.MKTP.PP.CD,Mauritius,MUS,29164050394.3789
"GDP, PPP (current international $)",NY.GDP.MKTP.PP.CD,Mexico,MEX,2480684356316.28
"GDP, PPP (current international $)",NY.GDP.MKTP.PP.CD,"Micronesia, Fed. Sts.",FSM,412033894.04114
"GDP, PPP (current international $)",NY.GDP.MKTP.PP.CD,Moldova,MDA,40249130836.3919
"GDP, PPP (current international $)",NY.GDP.MKTP.PP.CD,Monaco,MCO,..
"GDP, PPP (current international $)",NY.GDP.MKTP.PP.CD,Mongolia,MNG,42914813892.9472
"GDP, PPP (current international $)",NY.GDP.MKTP.PP.CD,Montenegro,MNE,14514577049.8743
"GDP, PPP (current international $)",NY.GDP.MKTP.PP.CD,Morocco,MAR,333242868979.042
"GDP, PPP (current international $)",NY.GDP.MKTP.PP.CD,Mozambique,MOZ,43230912231.7895
"GDP, PPP (current international $)",NY.GDP.MKTP.PP.CD,Myanmar,MMR,238337478243.118
"GDP, PPP (current international $)",NY.GDP.MKTP.PP.CD,Namibia,NAM,25399523677.949
"GDP, PPP (current international $)",NY.GDP.MKTP.PP.CD,Nauru,NRU,164211233.477789
"GDP, PPP (current international $)",NY.GDP.MKTP.PP.CD,Nepal,NPL,126440077054.981
"GDP, PPP (current international $)",NY.GDP.MKTP.PP.CD,Netherlands,NLD,1117869147128.96
"GDP, PPP (current international $)",NY.GDP.MKTP.PP.CD,New Caledonia,NCL,..
"GDP, PPP (current international $)",NY.GDP.MKTP.PP.CD,New Zealand,NZL,242228481745.722
"GDP, PPP (current international $)",NY.GDP.MKTP.PP.CD,Nicaragua,NIC,42437042534.81
"GDP, PPP (current international $)",NY.GDP.MKTP.PP.CD,Niger,NER,32918624235.7563
"GDP, PPP (current international $)",NY.GDP.MKTP.PP.CD,Nigeria,NGA,1154069970945.9
"GDP, PPP (current international $)",NY.GDP.MKTP.PP.CD,North Macedonia,MKD,37882603303.4733
"GDP, PPP (current international $)",NY.GDP.MKTP.PP.CD,Northern Mariana Islands,MNP,..
"GDP, PPP (current international $)",NY.GDP.MKTP.PP.CD,Norway,NOR,435667115250.515
"GDP, PPP (current international $)",NY.GDP.MKTP.PP.CD,Oman,OMN,170313524882.259
"GDP, PPP (current international $)",NY.GDP.MKTP.PP.CD,Pakistan,PAK,1330100745810.55
"GDP, PPP (current international $)",NY.GDP.MKTP.PP.CD,Palau,PLW,272965710.988114
"GDP, PPP (current international $)",NY.GDP.MKTP.PP.CD,Panama,PAN,138809515093.799
"GDP, PPP (current international $)",NY.GDP.MKTP.PP.CD,Papua New Guinea,PNG,40196117944.8066
"GDP, PPP (current international $)",NY.GDP.MKTP.PP.CD,Paraguay,PRY,100806296877.808
"GDP, PPP (current international $)",NY.GDP.MKTP.PP.CD,Peru,PER,463538286394.483
"GDP, PPP (current international $)",NY.GDP.MKTP.PP.CD,Philippines,PHL,1012713767557.36
"GDP, PPP (current international $)",NY.GDP.MKTP.PP.CD,Poland,POL,1439480284654.09
"GDP, PPP (current international $)",NY.GDP.MKTP.PP.CD,Portugal,PRT,372191603042.675
"GDP, PPP (current international $)",NY.GDP.MKTP.PP.CD,Puerto Rico,PRI,117000537049.492
"GDP, PPP (current international $)",NY.GDP.MKTP.PP.CD,Qatar,QAT,274248669907.902
"GDP, PPP (current international $)",NY.GDP.MKTP.PP.CD,Romania,ROU,690414100112.699
"GDP, PPP (current international $)",NY.GDP.MKTP.PP.CD,Russian Federation,RUS,4808614596417.49
"GDP, PPP (current international $)",NY.GDP.MKTP.PP.CD,Rwanda,RWA,33112304813.9971
"GDP, PPP (current international $)",NY.GDP.MKTP.PP.CD,Samoa,WSM,1330033551.07035
"GDP, PPP (current international $)",NY.GDP.MKTP.PP.CD,San Marino,SMR,..
"GDP, PPP (current international $)",NY.GDP.MKTP.PP.CD,Sao Tome and Principe,STP,993192606.031231
"GDP, PPP (current international $)",NY.GDP.MKTP.PP.CD,Saudi Arabia,SAU,1751177858646.92
"GDP, PPP (current international $)",NY.GDP.MKTP.PP.CD,Senegal,SEN,64807161045.8899
"GDP, PPP (current international $)",NY.GDP.MKTP.PP.CD,Serbia,SRB,147944740068.033
"GDP, PPP (current international $)",NY.GDP.MKTP.PP.CD,Seychelles,SYC,3136171615.90465
"GDP, PPP (current international $)",NY.GDP.MKTP.PP.CD,Sierra Leone,SLE,14937368723.3692
"GDP, PPP (current international $)",NY.GDP.MKTP.PP.CD,Singapore,SGP,635266669765.65
"GDP, PPP (current international $)",NY.GDP.MKTP.PP.CD,Sint Maarten (Dutch part),SXM,..
"GDP, PPP (current international $)",NY.GDP.MKTP.PP.CD,Slovak Republic,SVK,182085016432.598
"GDP, PPP (current international $)",NY.GDP.MKTP.PP.CD,Slovenia,SVN,92367460541.5255
"GDP, PPP (current international $)",NY.GDP.MKTP.PP.CD,Solomon Islands,SLB,1874907741.44896
"GDP, PPP (current international $)",NY.GDP.MKTP.PP.CD,Somalia,SOM,21311710656.3811
"GDP, PPP (current international $)",NY.GDP.MKTP.PP.CD,South Africa,ZAF,868576995050.239
"GDP, PPP (current international $)",NY.GDP.MKTP.PP.CD,South Sudan,SSD,..
"GDP, PPP (current international $)",NY.GDP.MKTP.PP.CD,Spain,ESP,1925177610316.5
"GDP, PPP (current international $)",NY.GDP.MKTP.PP.CD,Sri Lanka,LKA,325838129451.801
"GDP, PPP (current international $)",NY.GDP.MKTP.PP.CD,St. Kitts and Nevis,KNA,1385200670.02527
"GDP, PPP (current international $)",NY.GDP.MKTP.PP.CD,St. Lucia,LCA,2574797926.14676
"GDP, PPP (current international $)",NY.GDP.MKTP.PP.CD,St. Martin (French part),MAF,..
"GDP, PPP (current international $)",NY.GDP.MKTP.PP.CD,St. Vincent and the Grenadines,VCT,1569706424.83187
"GDP, PPP (current international $)",NY.GDP.MKTP.PP.CD,Sudan,SDN,185641085414.245
"GDP, PPP (current international $)",NY.GDP.MKTP.PP.CD,Suriname,SUR,9944256861.28677
"GDP, PPP (current international $)",NY.GDP.MKTP.PP.CD,Sweden,SWE,617007783480.637
"GDP, PPP (current international $)",NY.GDP.MKTP.PP.CD,Switzerland,CHE,671381288253.731
"GDP, PPP (current international $)",NY.GDP.MKTP.PP.CD,Syrian Arab Republic,SYR,..
"GDP, PPP (current international $)",NY.GDP.MKTP.PP.CD,Tajikistan,TJK,41809911366.8578
"GDP, PPP (current international $)",NY.GDP.MKTP.PP.CD,Tanzania,TZA,175034871280.444
"GDP, PPP (current international $)",NY.GDP.MKTP.PP.CD,Thailand,THA,1343290766999.03
"GDP, PPP (current international $)",NY.GDP.MKTP.PP.CD,Timor-Leste,TLS,7302934213.66741
"GDP, PPP (current international $)",NY.GDP.MKTP.PP.CD,Togo,TGO,20179618497.5385
"GDP, PPP (current international $)",NY.GDP.MKTP.PP.CD,Tonga,TON,715457009.230799
"GDP, PPP (current international $)",NY.GDP.MKTP.PP.CD,Trinidad and Tobago,TTO,38612227874.3506
"GDP, PPP (current international $)",NY.GDP.MKTP.PP.CD,Tunisia,TUN,138356499712.486
"GDP, PPP (current international $)",NY.GDP.MKTP.PP.CD,Turkiye,TUR,2581588801725.43
"GDP, PPP (current international $)",NY.GDP.MKTP.PP.CD,Turkmenistan,TKM,..
"GDP, PPP (current international $)",NY.GDP.MKTP.PP.CD,Turks and Caicos Islands,TCA,917514699.359764
"GDP, PPP (current international $)",NY.GDP.MKTP.PP.CD,Tuvalu,TUV,60608169.0020951
"GDP, PPP (current international $)",NY.GDP.MKTP.PP.CD,Uganda,UGA,113162508309.993
"GDP, PPP (current international $)",NY.GDP.MKTP.PP.CD,Ukraine,UKR,588384275197.627
"GDP, PPP (current international $)",NY.GDP.MKTP.PP.CD,United Arab Emirates,ARE,717456247602.964
"GDP, PPP (current international $)",NY.GDP.MKTP.PP.CD,United Kingdom,GBR,3424261591527.77
"GDP, PPP (current international $)",NY.GDP.MKTP.PP.CD,United States,USA,22996099999999.9
"GDP, PPP (current international $)",NY.GDP.MKTP.PP.CD,Uruguay,URY,85823441002.9131
"GDP, PPP (current international $)",NY.GDP.MKTP.PP.CD,Uzbekistan,UZB,296689257401.601
"GDP, PPP (current international $)",NY.GDP.MKTP.PP.CD,Vanuatu,VUT,975733101.942868
"GDP, PPP (current international $)",NY.GDP.MKTP.PP.CD,"Venezuela, RB",VEN,..
"GDP, PPP (current international $)",NY.GDP.MKTP.PP.CD,Vietnam,VNM,1138047287774.65
"GDP, PPP (current international $)",NY.GDP.MKTP.PP.CD,Virgin Islands (U.S.),VIR,..
"GDP, PPP (current international $)",NY.GDP.MKTP.PP.CD,West Bank and Gaza,PSE,30518341297.1958
"GDP, PPP (current international $)",NY.GDP.MKTP.PP.CD,"Yemen, Rep.",YEM,..
"GDP, PPP (current international $)",NY.GDP.MKTP.PP.CD,Zambia,ZMB,69244879107.1411
"GDP, PPP (current international $)",NY.GDP.MKTP.PP.CD,Zimbabwe,ZWE,37163947921.2402
"GDP, PPP (current international $)",NY.GDP.MKTP.PP.CD,Africa Eastern and Southern,AFE,2699058497919.17
"GDP, PPP (current international $)",NY.GDP.MKTP.PP.CD,Africa Western and Central,AFW,2108537307107.51
"GDP, PPP (current international $)",NY.GDP.MKTP.PP.CD,Arab World,ARB,6753714191986.68
"GDP, PPP (current international $)",NY.GDP.MKTP.PP.CD,Caribbean small states,CSS,129613136150.99
"GDP, PPP (current international $)",NY.GDP.MKTP.PP.CD,Central Europe and the Baltics,CEB,3811756345402.04
"GDP, PPP (current international $)",NY.GDP.MKTP.PP.CD,Early-demographic dividend,EAR,34509619325834.2
"GDP, PPP (current international $)",NY.GDP.MKTP.PP.CD,East Asia & Pacific,EAS,47996273667220.3
"GDP, PPP (current international $)",NY.GDP.MKTP.PP.CD,East Asia & Pacific (excluding high income),EAP,35878566658206.4
"GDP, PPP (current international $)",NY.GDP.MKTP.PP.CD,East Asia & Pacific (IDA & IBRD countries),TEA,35833138382478.1
"GDP, PPP (current international $)",NY.GDP.MKTP.PP.CD,Euro area,EMU,17522935148160.9
"GDP, PPP (current international $)",NY.GDP.MKTP.PP.CD,Europe & Central Asia,ECS,36241291833568.8
"GDP, PPP (current international $)",NY.GDP.MKTP.PP.CD,Europe & Central Asia (excluding high income),ECA,10031716639271.2
"GDP, PPP (current international $)",NY.GDP.MKTP.PP.CD,Europe & Central Asia (IDA & IBRD countries),TEC,12296052439224.9
"GDP, PPP (current international $)",NY.GDP.MKTP.PP.CD,European Union,EUU,21814130069676.2
"GDP, PPP (current international $)",NY.GDP.MKTP.PP.CD,Fragile and conflict affected situations,FCS,4773259098977.53
"GDP, PPP (current international $)",NY.GDP.MKTP.PP.CD,Heavily indebted poor countries (HIPC),HPC,2383247422632.84
"GDP, PPP (current international $)",NY.GDP.MKTP.PP.CD,High income,HIC,67955558627608.3
"GDP, PPP (current international $)",NY.GDP.MKTP.PP.CD,IBRD only,IBD,74316914032193.7
"GDP, PPP (current international $)",NY.GDP.MKTP.PP.CD,IDA & IBRD total,IBT,81966097635882.1
"GDP, PPP (current international $)",NY.GDP.MKTP.PP.CD,IDA blend,IDB,3294406854981.79
"GDP, PPP (current international $)",NY.GDP.MKTP.PP.CD,IDA only,IDX,4386279592031
"GDP, PPP (current international $)",NY.GDP.MKTP.PP.CD,IDA total,IDA,7663564815000.07
"GDP, PPP (current international $)",NY.GDP.MKTP.PP.CD,Late-demographic dividend,LTE,47498029274749.9
"GDP, PPP (current international $)",NY.GDP.MKTP.PP.CD,Latin America & Caribbean,LCN,11210871315596.1
"GDP, PPP (current international $)",NY.GDP.MKTP.PP.CD,Latin America & Caribbean (excluding high income),LAC,9696514192586.76
"GDP, PPP (current international $)",NY.GDP.MKTP.PP.CD,Latin America & the Caribbean (IDA & IBRD countries),TLA,10889303477248.3
"GDP, PPP (current international $)",NY.GDP.MKTP.PP.CD,Least developed countries: UN classification,LDC,3668086757236.64
"GDP, PPP (current international $)",NY.GDP.MKTP.PP.CD,Low & middle income,LMY,78420330257288.2
"GDP, PPP (current international $)",NY.GDP.MKTP.PP.CD,Low income,LIC,1525715760694.14
"GDP, PPP (current international $)",NY.GDP.MKTP.PP.CD,Lower middle income,LMC,27032851688985.8
"GDP, PPP (current international $)",NY.GDP.MKTP.PP.CD,Middle East & North Africa,MEA,8399363594566.74
"GDP, PPP (current international $)",NY.GDP.MKTP.PP.CD,Middle East & North Africa (excluding high income),MNA,4784133501015.95
"GDP, PPP (current international $)",NY.GDP.MKTP.PP.CD,Middle East & North Africa (IDA & IBRD countries),TMN,4754155514744.34
"GDP, PPP (current international $)",NY.GDP.MKTP.PP.CD,Middle income,MIC,76942424191319.1
"GDP, PPP (current international $)",NY.GDP.MKTP.PP.CD,North America,NAC,25017770507881
"GDP, PPP (current international $)",NY.GDP.MKTP.PP.CD,Not classified,INX,..
"GDP, PPP (current international $)",NY.GDP.MKTP.PP.CD,OECD members,OED,66718498494303.2
"GDP, PPP (current international $)",NY.GDP.MKTP.PP.CD,Other small states,OSS,773542326623.25
"GDP, PPP (current international $)",NY.GDP.MKTP.PP.CD,Pacific island small states,PSS,16878204122.5086
"GDP, PPP (current international $)",NY.GDP.MKTP.PP.CD,Post-demographic dividend,PST,59901523876044.7
"GDP, PPP (current international $)",NY.GDP.MKTP.PP.CD,Pre-demographic dividend,PRE,3710424022798.69
"GDP, PPP (current international $)",NY.GDP.MKTP.PP.CD,Small states,SST,920035879929.433
"GDP, PPP (current international $)",NY.GDP.MKTP.PP.CD,South Asia,SAS,13162566121551
"GDP, PPP (current international $)",NY.GDP.MKTP.PP.CD,South Asia (IDA & IBRD),TSA,13162566121551
"GDP, PPP (current international $)",NY.GDP.MKTP.PP.CD,Sub-Saharan Africa,SSF,4807201387932.87
"GDP, PPP (current international $)",NY.GDP.MKTP.PP.CD,Sub-Saharan Africa (excluding high income),SSA,4804065196272.58
"GDP, PPP (current international $)",NY.GDP.MKTP.PP.CD,Sub-Saharan Africa (IDA & IBRD countries),TSS,4807201387932.87
"GDP, PPP (current international $)",NY.GDP.MKTP.PP.CD,Upper middle income,UMC,49877603646320.8
"GDP, PPP (current international $)",NY.GDP.MKTP.PP.CD,World,WLD,146782877534500
"Life expectancy at birth, total (years)",SP.DYN.LE00.IN,Afghanistan,AFG,61.982
"Life expectancy at birth, total (years)",SP.DYN.LE00.IN,Albania,ALB,76.463
"Life expectancy at birth, total (years)",SP.DYN.LE00.IN,Algeria,DZA,76.377
"Life expectancy at birth, total (years)",SP.DYN.LE00.IN,American Samoa,ASM,..
"Life expectancy at birth, total (years)",SP.DYN.LE00.IN,Andorra,AND,..
"Life expectancy at birth, total (years)",SP.DYN.LE00.IN,Angola,AGO,61.643
"Life expectancy at birth, total (years)",SP.DYN.LE00.IN,Antigua and Barbuda,ATG,78.497
"Life expectancy at birth, total (years)",SP.DYN.LE00.IN,Argentina,ARG,75.39
"Life expectancy at birth, total (years)",SP.DYN.LE00.IN,Armenia,ARM,72.043
"Life expectancy at birth, total (years)",SP.DYN.LE00.IN,Aruba,ABW,74.626
"Life expectancy at birth, total (years)",SP.DYN.LE00.IN,Australia,AUS,83.3
"Life expectancy at birth, total (years)",SP.DYN.LE00.IN,Austria,AUT,81.2390243902439
"Life expectancy at birth, total (years)",SP.DYN.LE00.IN,Azerbaijan,AZE,69.366
"Life expectancy at birth, total (years)",SP.DYN.LE00.IN,"Bahamas, The",BHS,71.598
"Life expectancy at birth, total (years)",SP.DYN.LE00.IN,Bahrain,BHR,78.76
"Life expectancy at birth, total (years)",SP.DYN.LE00.IN,Bangladesh,BGD,72.381
"Life expectancy at birth, total (years)",SP.DYN.LE00.IN,Barbados,BRB,77.571
"Life expectancy at birth, total (years)",SP.DYN.LE00.IN,Belarus,BLR,72.3706829268293
"Life expectancy at birth, total (years)",SP.DYN.LE00.IN,Belgium,BEL,81.890243902439
"Life expectancy at birth, total (years)",SP.DYN.LE00.IN,Belize,BLZ,70.47
"Life expectancy at birth, total (years)",SP.DYN.LE00.IN,Benin,BEN,59.821
"Life expectancy at birth, total (years)",SP.DYN.LE00.IN,Bermuda,BMU,79.28
"Life expectancy at birth, total (years)",SP.DYN.LE00.IN,Bhutan,BTN,71.815
"Life expectancy at birth, total (years)",SP.DYN.LE00.IN,Bolivia,BOL,63.63
"Life expectancy at birth, total (years)",SP.DYN.LE00.IN,Bosnia and Herzegovina,BIH,75.3
"Life expectancy at birth, total (years)",SP.DYN.LE00.IN,Botswana,BWA,61.141
"Life expectancy at birth, total (years)",SP.DYN.LE00.IN,Brazil,BRA,72.75
"Life expectancy at birth, total (years)",SP.DYN.LE00.IN,British Virgin Islands,VGB,74.494
"Life expectancy at birth, total (years)",SP.DYN.LE00.IN,Brunei Darussalam,BRN,74.642
"Life expectancy at birth, total (years)",SP.DYN.LE00.IN,Bulgaria,BGR,71.5146341463415
"Life expectancy at birth, total (years)",SP.DYN.LE00.IN,Burkina Faso,BFA,59.27
"Life expectancy at birth, total (years)",SP.DYN.LE00.IN,Burundi,BDI,61.663
"Life expectancy at birth, total (years)",SP.DYN.LE00.IN,Cabo Verde,CPV,74.052
"Life expectancy at birth, total (years)",SP.DYN.LE00.IN,Cambodia,KHM,69.584
"Life expectancy at birth, total (years)",SP.DYN.LE00.IN,Cameroon,CMR,60.333
"Life expectancy at birth, total (years)",SP.DYN.LE00.IN,Canada,CAN,82.5966097560976
"Life expectancy at birth, total (years)",SP.DYN.LE00.IN,Cayman Islands,CYM,..
"Life expectancy at birth, total (years)",SP.DYN.LE00.IN,Central African Republic,CAF,53.895
"Life expectancy at birth, total (years)",SP.DYN.LE00.IN,Chad,TCD,52.525
"Life expectancy at birth, total (years)",SP.DYN.LE00.IN,Channel Islands,CHI,81.232
"Life expectancy at birth, total (years)",SP.DYN.LE00.IN,Chile,CHL,78.944
"Life expectancy at birth, total (years)",SP.DYN.LE00.IN,China,CHN,78.211
"Life expectancy at birth, total (years)",SP.DYN.LE00.IN,Colombia,COL,72.83
"Life expectancy at birth, total (years)",SP.DYN.LE00.IN,Comoros,COM,63.417
"Life expectancy at birth, total (years)",SP.DYN.LE00.IN,"Congo, Dem. Rep.",COD,59.193
"Life expectancy at birth, total (years)",SP.DYN.LE00.IN,"Congo, Rep.",COG,63.519
"Life expectancy at birth, total (years)",SP.DYN.LE00.IN,Costa Rica,CRI,77.023
"Life expectancy at birth, total (years)",SP.DYN.LE00.IN,Cote d'Ivoire,CIV,58.598
"Life expectancy at birth, total (years)",SP.DYN.LE00.IN,Croatia,HRV,76.4243902439025
"Life expectancy at birth, total (years)",SP.DYN.LE00.IN,Cuba,CUB,73.683
"Life expectancy at birth, total (years)",SP.DYN.LE00.IN,Curacao,CUW,..
"Life expectancy at birth, total (years)",SP.DYN.LE00.IN,Cyprus,CYP,81.203
"Life expectancy at birth, total (years)",SP.DYN.LE00.IN,Czechia,CZE,77.3731707317073
"Life expectancy at birth, total (years)",SP.DYN.LE00.IN,Denmark,DNK,81.4048780487805
"Life expectancy at birth, total (years)",SP.DYN.LE00.IN,Djibouti,DJI,62.305
"Life expectancy at birth, total (years)",SP.DYN.LE00.IN,Dominica,DMA,72.814
"Life expectancy at birth, total (years)",SP.DYN.LE00.IN,Dominican Republic,DOM,72.615
"Life expectancy at birth, total (years)",SP.DYN.LE00.IN,Ecuador,ECU,73.67
"Life expectancy at birth, total (years)",SP.DYN.LE00.IN,"Egypt, Arab Rep.",EGY,70.221
"Life expectancy at birth, total (years)",SP.DYN.LE00.IN,El Salvador,SLV,70.748
"Life expectancy at birth, total (years)",SP.DYN.LE00.IN,Equatorial Guinea,GNQ,60.594
"Life expectancy at birth, total (years)",SP.DYN.LE00.IN,Eritrea,ERI,66.536
"Life expectancy at birth, total (years)",SP.DYN.LE00.IN,Estonia,EST,76.7414634146342
"Life expectancy at birth, total (years)",SP.DYN.LE00.IN,Eswatini,SWZ,57.066
"Life expectancy at birth, total (years)",SP.DYN.LE00.IN,Ethiopia,ETH,64.975
"Life expectancy at birth, total (years)",SP.DYN.LE00.IN,Faroe Islands,FRO,83.4975609756098
"Life expectancy at birth, total (years)",SP.DYN.LE00.IN,Fiji,FJI,67.114
"Life expectancy at birth, total (years)",SP.DYN.LE00.IN,Finland,FIN,81.9341463414634
"Life expectancy at birth, total (years)",SP.DYN.LE00.IN,France,FRA,82.3243902439024
"Life expectancy at birth, total (years)",SP.DYN.LE00.IN,French Polynesia,PYF,79.486
"Life expectancy at birth, total (years)",SP.DYN.LE00.IN,Gabon,GAB,65.821
"Life expectancy at birth, total (years)",SP.DYN.LE00.IN,"Gambia, The",GMB,62.083
"Life expectancy at birth, total (years)",SP.DYN.LE00.IN,Georgia,GEO,71.694
"Life expectancy at birth, total (years)",SP.DYN.LE00.IN,Germany,DEU,80.9009756097561
"Life expectancy at birth, total (years)",SP.DYN.LE00.IN,Ghana,GHA,63.795
"Life expectancy at birth, total (years)",SP.DYN.LE00.IN,Gibraltar,GIB,79.329
"Life expectancy at birth, total (years)",SP.DYN.LE00.IN,Greece,GRC,80.1829268292683
"Life expectancy at birth, total (years)",SP.DYN.LE00.IN,Greenland,GRL,71.1475609756098
"Life expectancy at birth, total (years)",SP.DYN.LE00.IN,Grenada,GRD,74.936
"Life expectancy at birth, total (years)",SP.DYN.LE00.IN,Guam,GUM,76.656
"Life expectancy at birth, total (years)",SP.DYN.LE00.IN,Guatemala,GTM,69.237
"Life expectancy at birth, total (years)",SP.DYN.LE00.IN,Guinea,GIN,58.892
"Life expectancy at birth, total (years)",SP.DYN.LE00.IN,Guinea-Bissau,GNB,59.652
"Life expectancy at birth, total (years)",SP.DYN.LE00.IN,Guyana,GUY,65.673
"Life expectancy at birth, total (years)",SP.DYN.LE00.IN,Haiti,HTI,63.192
"Life expectancy at birth, total (years)",SP.DYN.LE00.IN,Honduras,HND,70.123
"Life expectancy at birth, total (years)",SP.DYN.LE00.IN,"Hong Kong SAR, China",HKG,85.4926829268293
"Life expectancy at birth, total (years)",SP.DYN.LE00.IN,Hungary,HUN,74.4658536585366
"Life expectancy at birth, total (years)",SP.DYN.LE00.IN,Iceland,ISL,83.1170731707317
"Life expectancy at birth, total (years)",SP.DYN.LE00.IN,India,IND,67.24
"Life expectancy at birth, total (years)",SP.DYN.LE00.IN,Indonesia,IDN,67.57
"Life expectancy at birth, total (years)",SP.DYN.LE00.IN,"Iran, Islamic Rep.",IRN,73.875
"Life expectancy at birth, total (years)",SP.DYN.LE00.IN,Iraq,IRQ,70.378
"Life expectancy at birth, total (years)",SP.DYN.LE00.IN,Ireland,IRL,82.1024390243903
"Life expectancy at birth, total (years)",SP.DYN.LE00.IN,Isle of Man,IMN,80.525
"Life expectancy at birth, total (years)",SP.DYN.LE00.IN,Israel,ISR,82.5
"Life expectancy at birth, total (years)",SP.DYN.LE00.IN,Italy,ITA,82.7951219512195
"Life expectancy at birth, total (years)",SP.DYN.LE00.IN,Jamaica,JAM,70.5
"Life expectancy at birth, total (years)",SP.DYN.LE00.IN,Japan,JPN,84.4456097560976
"Life expectancy at birth, total (years)",SP.DYN.LE00.IN,Jordan,JOR,74.256
"Life expectancy at birth, total (years)",SP.DYN.LE00.IN,Kazakhstan,KAZ,70.23
"Life expectancy at birth, total (years)",SP.DYN.LE00.IN,Kenya,KEN,61.427
"Life expectancy at birth, total (years)",SP.DYN.LE00.IN,Kiribati,KIR,67.417
"Life expectancy at birth, total (years)",SP.DYN.LE00.IN,"Korea, Dem. People's Rep.",PRK,73.284
"Life expectancy at birth, total (years)",SP.DYN.LE00.IN,"Korea, Rep.",KOR,83.5268292682927
"Life expectancy at birth, total (years)",SP.DYN.LE00.IN,Kosovo,XKX,76.806
"Life expectancy at birth, total (years)",SP.DYN.LE00.IN,Kuwait,KWT,78.673
"Life expectancy at birth, total (years)",SP.DYN.LE00.IN,Kyrgyz Republic,KGZ,71.9
"Life expectancy at birth, total (years)",SP.DYN.LE00.IN,Lao PDR,LAO,68.061
"Life expectancy at birth, total (years)",SP.DYN.LE00.IN,Latvia,LVA,73.2829268292683
"Life expectancy at birth, total (years)",SP.DYN.LE00.IN,Lebanon,LBN,75.047
"Life expectancy at birth, total (years)",SP.DYN.LE00.IN,Lesotho,LSO,53.062
"Life expectancy at birth, total (years)",SP.DYN.LE00.IN,Liberia,LBR,60.747
"Life expectancy at birth, total (years)",SP.DYN.LE00.IN,Libya,LBY,71.911
"Life expectancy at birth, total (years)",SP.DYN.LE00.IN,Liechtenstein,LIE,84.4024390243902
"Life expectancy at birth, total (years)",SP.DYN.LE00.IN,Lithuania,LTU,74.3390243902439
"Life expectancy at birth, total (years)",SP.DYN.LE00.IN,Luxembourg,LUX,82.7487804878049
"Life expectancy at birth, total (years)",SP.DYN.LE00.IN,"Macao SAR, China",MAC,85.399
"Life expectancy at birth, total (years)",SP.DYN.LE00.IN,Madagascar,MDG,64.485
"Life expectancy at birth, total (years)",SP.DYN.LE00.IN,Malawi,MWI,62.904
"Life expectancy at birth, total (years)",SP.DYN.LE00.IN,Malaysia,MYS,74.884
"Life expectancy at birth, total (years)",SP.DYN.LE00.IN,Maldives,MDV,79.918
"Life expectancy at birth, total (years)",SP.DYN.LE00.IN,Mali,MLI,58.941
"Life expectancy at birth, total (years)",SP.DYN.LE00.IN,Malta,MLT,82.8609756097561
"Life expectancy at birth, total (years)",SP.DYN.LE00.IN,Marshall Islands,MHL,65.269
"Life expectancy at birth, total (years)",SP.DYN.LE00.IN,Mauritania,MRT,64.364
"Life expectancy at birth, total (years)",SP.DYN.LE00.IN,Mauritius,MUS,73.680243902439
"Life expectancy at birth, total (years)",SP.DYN.LE00.IN,Mexico,MEX,70.213
"Life expectancy at birth, total (years)",SP.DYN.LE00.IN,"Micronesia, Fed. Sts.",FSM,70.71
"Life expectancy at birth, total (years)",SP.DYN.LE00.IN,Moldova,MDA,68.846
"Life expectancy at birth, total (years)",SP.DYN.LE00.IN,Monaco,MCO,..
"Life expectancy at birth, total (years)",SP.DYN.LE00.IN,Mongolia,MNG,70.975
"Life expectancy at birth, total (years)",SP.DYN.LE00.IN,Montenegro,MNE,73.8243902439024
"Life expectancy at birth, total (years)",SP.DYN.LE00.IN,Morocco,MAR,74.042
"Life expectancy at birth, total (years)",SP.DYN.LE00.IN,Mozambique,MOZ,59.325
"Life expectancy at birth, total (years)",SP.DYN.LE00.IN,Myanmar,MMR,65.672
"Life expectancy at birth, total (years)",SP.DYN.LE00.IN,Namibia,NAM,59.269
"Life expectancy at birth, total (years)",SP.DYN.LE00.IN,Nauru,NRU,63.617
"Life expectancy at birth, total (years)",SP.DYN.LE00.IN,Nepal,NPL,68.45
"Life expectancy at birth, total (years)",SP.DYN.LE00.IN,Netherlands,NLD,81.4609756097561
"Life expectancy at birth, total (years)",SP.DYN.LE00.IN,New Caledonia,NCL,79.1273414634146
"Life expectancy at birth, total (years)",SP.DYN.LE00.IN,New Zealand,NZL,82.2073170731707
"Life expectancy at birth, total (years)",SP.DYN.LE00.IN,Nicaragua,NIC,73.837
"Life expectancy at birth, total (years)",SP.DYN.LE00.IN,Niger,NER,61.576
"Life expectancy at birth, total (years)",SP.DYN.LE00.IN,Nigeria,NGA,52.676
"Life expectancy at birth, total (years)",SP.DYN.LE00.IN,North Macedonia,MKD,74.5368292682927
"Life expectancy at birth, total (years)",SP.DYN.LE00.IN,Northern Mariana Islands,MNP,..
"Life expectancy at birth, total (years)",SP.DYN.LE00.IN,Norway,NOR,83.1634146341463
"Life expectancy at birth, total (years)",SP.DYN.LE00.IN,Oman,OMN,72.541
"Life expectancy at birth, total (years)",SP.DYN.LE00.IN,Pakistan,PAK,66.098
"Life expectancy at birth, total (years)",SP.DYN.LE00.IN,Palau,PLW,..
"Life expectancy at birth, total (years)",SP.DYN.LE00.IN,Panama,PAN,76.223
"Life expectancy at birth, total (years)",SP.DYN.LE00.IN,Papua New Guinea,PNG,65.351
"Life expectancy at birth, total (years)",SP.DYN.LE00.IN,Paraguay,PRY,70.262
"Life expectancy at birth, total (years)",SP.DYN.LE00.IN,Peru,PER,72.377
"Life expectancy at birth, total (years)",SP.DYN.LE00.IN,Philippines,PHL,69.266
"Life expectancy at birth, total (years)",SP.DYN.LE00.IN,Poland,POL,75.6024390243903
"Life expectancy at birth, total (years)",SP.DYN.LE00.IN,Portugal,PRT,81.0731707317073
"Life expectancy at birth, total (years)",SP.DYN.LE00.IN,Puerto Rico,PRI,80.162
"Life expectancy at birth, total (years)",SP.DYN.LE00.IN,Qatar,QAT,79.272
"Life expectancy at birth, total (years)",SP.DYN.LE00.IN,Romania,ROU,72.9609756097561
"Life expectancy at birth, total (years)",SP.DYN.LE00.IN,Russian Federation,RUS,69.3612195121951
"Life expectancy at birth, total (years)",SP.DYN.LE00.IN,Rwanda,RWA,66.072
"Life expectancy at birth, total (years)",SP.DYN.LE00.IN,Samoa,WSM,72.767
"Life expectancy at birth, total (years)",SP.DYN.LE00.IN,San Marino,SMR,..
"Life expectancy at birth, total (years)",SP.DYN.LE00.IN,Sao Tome and Principe,STP,67.591
"Life expectancy at birth, total (years)",SP.DYN.LE00.IN,Saudi Arabia,SAU,76.936
"Life expectancy at birth, total (years)",SP.DYN.LE00.IN,Senegal,SEN,67.093
"Life expectancy at birth, total (years)",SP.DYN.LE00.IN,Serbia,SRB,72.7307317073171
"Life expectancy at birth, total (years)",SP.DYN.LE00.IN,Seychelles,SYC,73.3975609756097
"Life expectancy at birth, total (years)",SP.DYN.LE00.IN,Sierra Leone,SLE,60.062
"Life expectancy at birth, total (years)",SP.DYN.LE00.IN,Singapore,SGP,83.4414634146342
"Life expectancy at birth, total (years)",SP.DYN.LE00.IN,Sint Maarten (Dutch part),SXM,73.972
"Life expectancy at birth, total (years)",SP.DYN.LE00.IN,Slovak Republic,SVK,74.7146341463415
"Life expectancy at birth, total (years)",SP.DYN.LE00.IN,Slovenia,SVN,80.8756097560976
"Life expectancy at birth, total (years)",SP.DYN.LE00.IN,Solomon Islands,SLB,70.348
"Life expectancy at birth, total (years)",SP.DYN.LE00.IN,Somalia,SOM,55.28
"Life expectancy at birth, total (years)",SP.DYN.LE00.IN,South Africa,ZAF,62.341
"Life expectancy at birth, total (years)",SP.DYN.LE00.IN,South Sudan,SSD,54.975
"Life expectancy at birth, total (years)",SP.DYN.LE00.IN,Spain,ESP,83.1780487804878
"Life expectancy at birth, total (years)",SP.DYN.LE00.IN,Sri Lanka,LKA,76.399
"Life expectancy at birth, total (years)",SP.DYN.LE00.IN,St. Kitts and Nevis,KNA,71.682
"Life expectancy at birth, total (years)",SP.DYN.LE00.IN,St. Lucia,LCA,71.111
"Life expectancy at birth, total (years)",SP.DYN.LE00.IN,St. Martin (French part),MAF,80.379
"Life expectancy at birth, total (years)",SP.DYN.LE00.IN,St. Vincent and the Grenadines,VCT,69.629
"Life expectancy at birth, total (years)",SP.DYN.LE00.IN,Sudan,SDN,65.267
"Life expectancy at birth, total (years)",SP.DYN.LE00.IN,Suriname,SUR,70.274
"Life expectancy at birth, total (years)",SP.DYN.LE00.IN,Sweden,SWE,83.1560975609756
"Life expectancy at birth, total (years)",SP.DYN.LE00.IN,Switzerland,CHE,83.8512195121951
"Life expectancy at birth, total (years)",SP.DYN.LE00.IN,Syrian Arab Republic,SYR,72.063
"Life expectancy at birth, total (years)",SP.DYN.LE00.IN,Tajikistan,TJK,71.594
"Life expectancy at birth, total (years)",SP.DYN.LE00.IN,Tanzania,TZA,66.201
"Life expectancy at birth, total (years)",SP.DYN.LE00.IN,Thailand,THA,78.715
"Life expectancy at birth, total (years)",SP.DYN.LE00.IN,Timor-Leste,TLS,67.737
"Life expectancy at birth, total (years)",SP.DYN.LE00.IN,Togo,TGO,61.619
"Life expectancy at birth, total (years)",SP.DYN.LE00.IN,Tonga,TON,70.986
"Life expectancy at birth, total (years)",SP.DYN.LE00.IN,Trinidad and Tobago,TTO,72.971
"Life expectancy at birth, total (years)",SP.DYN.LE00.IN,Tunisia,TUN,73.772
"Life expectancy at birth, total (years)",SP.DYN.LE00.IN,Turkiye,TUR,76.032
"Life expectancy at birth, total (years)",SP.DYN.LE00.IN,Turkmenistan,TKM,69.264
"Life expectancy at birth, total (years)",SP.DYN.LE00.IN,Turks and Caicos Islands,TCA,74.587
"Life expectancy at birth, total (years)",SP.DYN.LE00.IN,Tuvalu,TUV,64.547
"Life expectancy at birth, total (years)",SP.DYN.LE00.IN,Uganda,UGA,62.705
"Life expectancy at birth, total (years)",SP.DYN.LE00.IN,Ukraine,UKR,69.6478048780488
"Life expectancy at birth, total (years)",SP.DYN.LE00.IN,United Arab Emirates,ARE,78.71
"Life expectancy at birth, total (years)",SP.DYN.LE00.IN,United Kingdom,GBR,80.7
"Life expectancy at birth, total (years)",SP.DYN.LE00.IN,United States,USA,76.3292682926829
"Life expectancy at birth, total (years)",SP.DYN.LE00.IN,Uruguay,URY,75.436
"Life expectancy at birth, total (years)",SP.DYN.LE00.IN,Uzbekistan,UZB,70.862
"Life expectancy at birth, total (years)",SP.DYN.LE00.IN,Vanuatu,VUT,70.449
"Life expectancy at birth, total (years)",SP.DYN.LE00.IN,"Venezuela, RB",VEN,70.554
"Life expectancy at birth, total (years)",SP.DYN.LE00.IN,Vietnam,VNM,73.618
"Life expectancy at birth, total (years)",SP.DYN.LE00.IN,Virgin Islands (U.S.),VIR,80.0682926829268
"Life expectancy at birth, total (years)",SP.DYN.LE00.IN,West Bank and Gaza,PSE,73.473
"Life expectancy at birth, total (years)",SP.DYN.LE00.IN,"Yemen, Rep.",YEM,63.753
"Life expectancy at birth, total (years)",SP.DYN.LE00.IN,Zambia,ZMB,61.223
"Life expectancy at birth, total (years)",SP.DYN.LE00.IN,Zimbabwe,ZWE,59.253
"Life expectancy at birth, total (years)",SP.DYN.LE00.IN,Africa Eastern and Southern,AFE,62.4545852699516
"Life expectancy at birth, total (years)",SP.DYN.LE00.IN,Africa Western and Central,AFW,56.9886567820139
"Life expectancy at birth, total (years)",SP.DYN.LE00.IN,Arab World,ARB,70.814483021063
"Life expectancy at birth, total (years)",SP.DYN.LE00.IN,Caribbean small states,CSS,70.9962586746614
"Life expectancy at birth, total (years)",SP.DYN.LE00.IN,Central Europe and the Baltics,CEB,74.9324135685624
"Life expectancy at birth, total (years)",SP.DYN.LE00.IN,Early-demographic dividend,EAR,68.4674029522051
"Life expectancy at birth, total (years)",SP.DYN.LE00.IN,East Asia & Pacific,EAS,76.3939344484456
"Life expectancy at birth, total (years)",SP.DYN.LE00.IN,East Asia & Pacific (excluding high income),EAP,75.5432912976843
"Life expectancy at birth, total (years)",SP.DYN.LE00.IN,East Asia & Pacific (IDA & IBRD countries),TEA,75.5711934120901
"Life expectancy at birth, total (years)",SP.DYN.LE00.IN,Euro area,EMU,81.7088115579718
"Life expectancy at birth, total (years)",SP.DYN.LE00.IN,Europe & Central Asia,ECS,76.6315259826298
"Life expectancy at birth, total (years)",SP.DYN.LE00.IN,Europe & Central Asia (excluding high income),ECA,71.4331737887319
"Life expectancy at birth, total (years)",SP.DYN.LE00.IN,Europe & Central Asia (IDA & IBRD countries),TEC,71.878840111515
"Life expectancy at birth, total (years)",SP.DYN.LE00.IN,European Union,EUU,80.3871306191596
"Life expectancy at birth, total (years)",SP.DYN.LE00.IN,Fragile and conflict affected situations,FCS,61.2505901165685
"Life expectancy at birth, total (years)",SP.DYN.LE00.IN,Heavily indebted poor countries (HIPC),HPC,62.3027853999622
"Life expectancy at birth, total (years)",SP.DYN.LE00.IN,High income,HIC,79.9336700259053
"Life expectancy at birth, total (years)",SP.DYN.LE00.IN,IBRD only,IBD,72.1250996282608
"Life expectancy at birth, total (years)",SP.DYN.LE00.IN,IDA & IBRD total,IBT,69.7801625288237
"Life expectancy at birth, total (years)",SP.DYN.LE00.IN,IDA blend,IDB,60.6802512013328
"Life expectancy at birth, total (years)",SP.DYN.LE00.IN,IDA only,IDX,64.7473008171317
"Life expectancy at birth, total (years)",SP.DYN.LE00.IN,IDA total,IDA,63.4029037247301
"Life expectancy at birth, total (years)",SP.DYN.LE00.IN,Late-demographic dividend,LTE,76.342110106899
"Life expectancy at birth, total (years)",SP.DYN.LE00.IN,Latin America & Caribbean,LCN,72.1474457362807
"Life expectancy at birth, total (years)",SP.DYN.LE00.IN,Latin America & Caribbean (excluding high income),LAC,71.8989019226457
"Life expectancy at birth, total (years)",SP.DYN.LE00.IN,Latin America & the Caribbean (IDA & IBRD countries),TLA,72.0749025193054
"Life expectancy at birth, total (years)",SP.DYN.LE00.IN,Least developed countries: UN classification,LDC,64.2158675035077
"Life expectancy at birth, total (years)",SP.DYN.LE00.IN,Low & middle income,LMY,69.7186315466309
"Life expectancy at birth, total (years)",SP.DYN.LE00.IN,Low income,LIC,62.0947639485769
"Life expectancy at birth, total (years)",SP.DYN.LE00.IN,Lower middle income,LMC,67.0220547033
"Life expectancy at birth, total (years)",SP.DYN.LE00.IN,Middle East & North Africa,MEA,72.7459067417958
"Life expectancy at birth, total (years)",SP.DYN.LE00.IN,Middle East & North Africa (excluding high income),MNA,71.8998757257437
"Life expectancy at birth, total (years)",SP.DYN.LE00.IN,Middle East & North Africa (IDA & IBRD countries),TMN,71.8811305367081
"Life expectancy at birth, total (years)",SP.DYN.LE00.IN,Middle income,MIC,70.6101655984376
"Life expectancy at birth, total (years)",SP.DYN.LE00.IN,North America,NAC,76.9772625183071
"Life expectancy at birth, total (years)",SP.DYN.LE00.IN,Not classified,INX,..
"Life expectancy at birth, total (years)",SP.DYN.LE00.IN,OECD members,OED,78.7149219626425
"Life expectancy at birth, total (years)",SP.DYN.LE00.IN,Other small states,OSS,66.9895668139568
"Life expectancy at birth, total (years)",SP.DYN.LE00.IN,Pacific island small states,PSS,69.1635941828432
"Life expectancy at birth, total (years)",SP.DYN.LE00.IN,Post-demographic dividend,PST,79.7983230828743
"Life expectancy at birth, total (years)",SP.DYN.LE00.IN,Pre-demographic dividend,PRE,59.87258063232
"Life expectancy at birth, total (years)",SP.DYN.LE00.IN,Small states,SST,67.8224013905818
"Life expectancy at birth, total (years)",SP.DYN.LE00.IN,South Asia,SAS,67.5791290463818
"Life expectancy at birth, total (years)",SP.DYN.LE00.IN,South Asia (IDA & IBRD),TSA,67.5791290463818
"Life expectancy at birth, total (years)",SP.DYN.LE00.IN,Sub-Saharan Africa,SSF,60.2417403457928
"Life expectancy at birth, total (years)",SP.DYN.LE00.IN,Sub-Saharan Africa (excluding high income),SSA,60.2406347147534
"Life expectancy at birth, total (years)",SP.DYN.LE00.IN,Sub-Saharan Africa (IDA & IBRD countries),TSS,60.2417403457928
"Life expectancy at birth, total (years)",SP.DYN.LE00.IN,Upper middle income,UMC,75.4814067541542
"Life expectancy at birth, total (years)",SP.DYN.LE00.IN,World,WLD,71.3277178927735
"Population, total",SP.POP.TOTL,Afghanistan,AFG,40099462
"Population, total",SP.POP.TOTL,Albania,ALB,2811666
"Population, total",SP.POP.TOTL,Algeria,DZA,44177969
"Population, total",SP.POP.TOTL,American Samoa,ASM,45035
"Population, total",SP.POP.TOTL,Andorra,AND,79034
"Population, total",SP.POP.TOTL,Angola,AGO,34503774
"Population, total",SP.POP.TOTL,Antigua and Barbuda,ATG,93219
"Population, total",SP.POP.TOTL,Argentina,ARG,45808747
"Population, total",SP.POP.TOTL,Armenia,ARM,2790974
"Population, total",SP.POP.TOTL,Aruba,ABW,106537
"Population, total",SP.POP.TOTL,Australia,AUS,25688079
"Population, total",SP.POP.TOTL,Austria,AUT,8955797
"Population, total",SP.POP.TOTL,Azerbaijan,AZE,10137750
"Population, total",SP.POP.TOTL,"Bahamas, The",BHS,407906
"Population, total",SP.POP.TOTL,Bahrain,BHR,1463265
"Population, total",SP.POP.TOTL,Bangladesh,BGD,169356251
"Population, total",SP.POP.TOTL,Barbados,BRB,281200
"Population, total",SP.POP.TOTL,Belarus,BLR,9340314
"Population, total",SP.POP.TOTL,Belgium,BEL,11592952
"Population, total",SP.POP.TOTL,Belize,BLZ,400031
"Population, total",SP.POP.TOTL,Benin,BEN,12996895
"Population, total",SP.POP.TOTL,Bermuda,BMU,63867
"Population, total",SP.POP.TOTL,Bhutan,BTN,777486
"Population, total",SP.POP.TOTL,Bolivia,BOL,12079472
"Population, total",SP.POP.TOTL,Bosnia and Herzegovina,BIH,3270943
"Population, total",SP.POP.TOTL,Botswana,BWA,2588423
"Population, total",SP.POP.TOTL,Brazil,BRA,214326223
"Population, total",SP.POP.TOTL,British Virgin Islands,VGB,31122
"Population, total",SP.POP.TOTL,Brunei Darussalam,BRN,445373
"Population, total",SP.POP.TOTL,Bulgaria,BGR,6877743
"Population, total",SP.POP.TOTL,Burkina Faso,BFA,22100683
"Population, total",SP.POP.TOTL,Burundi,BDI,12551213
"Population, total",SP.POP.TOTL,Cabo Verde,CPV,587925
"Population, total",SP.POP.TOTL,Cambodia,KHM,16589023
"Population, total",SP.POP.TOTL,Cameroon,CMR,27198628
"Population, total",SP.POP.TOTL,Canada,CAN,38246108
"Population, total",SP.POP.TOTL,Cayman Islands,CYM,68136
"Population, total",SP.POP.TOTL,Central African Republic,CAF,5457154
"Population, total",SP.POP.TOTL,Chad,TCD,17179740
"Population, total",SP.POP.TOTL,Channel Islands,CHI,172683
"Population, total",SP.POP.TOTL,Chile,CHL,19493184
"Population, total",SP.POP.TOTL,China,CHN,1412360000
"Population, total",SP.POP.TOTL,Colombia,COL,51516562
"Population, total",SP.POP.TOTL,Comoros,COM,821625
"Population, total",SP.POP.TOTL,"Congo, Dem. Rep.",COD,95894118
"Population, total",SP.POP.TOTL,"Congo, Rep.",COG,5835806
"Population, total",SP.POP.TOTL,Costa Rica,CRI,5153957
"Population, total",SP.POP.TOTL,Cote d'Ivoire,CIV,27478249
"Population, total",SP.POP.TOTL,Croatia,HRV,3899000
"Population, total",SP.POP.TOTL,Cuba,CUB,11256372
"Population, total",SP.POP.TOTL,Curacao,CUW,152369
"Population, total",SP.POP.TOTL,Cyprus,CYP,1244188
"Population, total",SP.POP.TOTL,Czechia,CZE,10505772
"Population, total",SP.POP.TOTL,Denmark,DNK,5856733
"Population, total",SP.POP.TOTL,Djibouti,DJI,1105557
"Population, total",SP.POP.TOTL,Dominica,DMA,72412
"Population, total",SP.POP.TOTL,Dominican Republic,DOM,11117873
"Population, total",SP.POP.TOTL,Ecuador,ECU,17797737
"Population, total",SP.POP.TOTL,"Egypt, Arab Rep.",EGY,109262178
"Population, total",SP.POP.TOTL,El Salvador,SLV,6314167
"Population, total",SP.POP.TOTL,Equatorial Guinea,GNQ,1634466
"Population, total",SP.POP.TOTL,Eritrea,ERI,3620312
"Population, total",SP.POP.TOTL,Estonia,EST,1330932
"Population, total",SP.POP.TOTL,Eswatini,SWZ,1192271
"Population, total",SP.POP.TOTL,Ethiopia,ETH,120283026
"Population, total",SP.POP.TOTL,Faroe Islands,FRO,52889
"Population, total",SP.POP.TOTL,Fiji,FJI,924610
"Population, total",SP.POP.TOTL,Finland,FIN,5541017
"Population, total",SP.POP.TOTL,France,FRA,67749632
"Population, total",SP.POP.TOTL,French Polynesia,PYF,304032
"Population, total",SP.POP.TOTL,Gabon,GAB,2341179
"Population, total",SP.POP.TOTL,"Gambia, The",GMB,2639916
"Population, total",SP.POP.TOTL,Georgia,GEO,3708610
"Population, total",SP.POP.TOTL,Germany,DEU,83196078
"Population, total",SP.POP.TOTL,Ghana,GHA,32833031
"Population, total",SP.POP.TOTL,Gibraltar,GIB,32669
"Population, total",SP.POP.TOTL,Greece,GRC,10641221
"Population, total",SP.POP.TOTL,Greenland,GRL,56653
"Population, total",SP.POP.TOTL,Grenada,GRD,124610
"Population, total",SP.POP.TOTL,Guam,GUM,170534
"Population, total",SP.POP.TOTL,Guatemala,GTM,17109746
"Population, total",SP.POP.TOTL,Guinea,GIN,13531906
"Population, total",SP.POP.TOTL,Guinea-Bissau,GNB,2060721
"Population, total",SP.POP.TOTL,Guyana,GUY,804567
"Population, total",SP.POP.TOTL,Haiti,HTI,11447569
"Population, total",SP.POP.TOTL,Honduras,HND,10278345
"Population, total",SP.POP.TOTL,"Hong Kong SAR, China",HKG,7413100
"Population, total",SP.POP.TOTL,Hungary,HUN,9709891
"Population, total",SP.POP.TOTL,Iceland,ISL,372520
"Population, total",SP.POP.TOTL,India,IND,1407563842
"Population, total",SP.POP.TOTL,Indonesia,IDN,273753191
"Population, total",SP.POP.TOTL,"Iran, Islamic Rep.",IRN,87923432
"Population, total",SP.POP.TOTL,Iraq,IRQ,43533592
"Population, total",SP.POP.TOTL,Ireland,IRL,5033165
"Population, total",SP.POP.TOTL,Isle of Man,IMN,84263
"Population, total",SP.POP.TOTL,Israel,ISR,9364000
"Population, total",SP.POP.TOTL,Italy,ITA,59109668
"Population, total",SP.POP.TOTL,Jamaica,JAM,2827695
"Population, total",SP.POP.TOTL,Japan,JPN,125681593
"Population, total",SP.POP.TOTL,Jordan,JOR,11148278
"Population, total",SP.POP.TOTL,Kazakhstan,KAZ,19000988
"Population, total",SP.POP.TOTL,Kenya,KEN,53005614
"Population, total",SP.POP.TOTL,Kiribati,KIR,128874
"Population, total",SP.POP.TOTL,"Korea, Dem. People's Rep.",PRK,25971909
"Population, total",SP.POP.TOTL,"Korea, Rep.",KOR,51744876
"Population, total",SP.POP.TOTL,Kosovo,XKX,1786038
"Population, total",SP.POP.TOTL,Kuwait,KWT,4250114
"Population, total",SP.POP.TOTL,Kyrgyz Republic,KGZ,6691800
"Population, total",SP.POP.TOTL,Lao PDR,LAO,7425057
"Population, total",SP.POP.TOTL,Latvia,LVA,1884490
"Population, total",SP.POP.TOTL,Lebanon,LBN,5592631
"Population, total",SP.POP.TOTL,Lesotho,LSO,2281454
"Population, total",SP.POP.TOTL,Liberia,LBR,5193416
"Population, total",SP.POP.TOTL,Libya,LBY,6735277
"Population, total",SP.POP.TOTL,Liechtenstein,LIE,39039
"Population, total",SP.POP.TOTL,Lithuania,LTU,2800839
"Population, total",SP.POP.TOTL,Luxembourg,LUX,640064
"Population, total",SP.POP.TOTL,"Macao SAR, China",MAC,686607
"Population, total",SP.POP.TOTL,Madagascar,MDG,28915653
"Population, total",SP.POP.TOTL,Malawi,MWI,19889742
"Population, total",SP.POP.TOTL,Malaysia,MYS,33573874
"Population, total",SP.POP.TOTL,Maldives,MDV,521457
"Population, total",SP.POP.TOTL,Mali,MLI,21904983
"Population, total",SP.POP.TOTL,Malta,MLT,518536
"Population, total",SP.POP.TOTL,Marshall Islands,MHL,42050
"Population, total",SP.POP.TOTL,Mauritania,MRT,4614974
"Population, total",SP.POP.TOTL,Mauritius,MUS,1266060
"Population, total",SP.POP.TOTL,Mexico,MEX,126705138
"Population, total",SP.POP.TOTL,"Micronesia, Fed. Sts.",FSM,113131
"Population, total",SP.POP.TOTL,Moldova,MDA,2615199
"Population, total",SP.POP.TOTL,Monaco,MCO,36686
"Population, total",SP.POP.TOTL,Mongolia,MNG,3347782
"Population, total",SP.POP.TOTL,Montenegro,MNE,619211
"Population, total",SP.POP.TOTL,Morocco,MAR,37076584
"Population, total",SP.POP.TOTL,Mozambique,MOZ,32077072
"Population, total",SP.POP.TOTL,Myanmar,MMR,53798084
"Population, total",SP.POP.TOTL,Namibia,NAM,2530151
"Population, total",SP.POP.TOTL,Nauru,NRU,12511
"Population, total",SP.POP.TOTL,Nepal,NPL,30034989
"Population, total",SP.POP.TOTL,Netherlands,NLD,17533044
"Population, total",SP.POP.TOTL,New Caledonia,NCL,271030
"Population, total",SP.POP.TOTL,New Zealand,NZL,5122600
"Population, total",SP.POP.TOTL,Nicaragua,NIC,6850540
"Population, total",SP.POP.TOTL,Niger,NER,25252722
"Population, total",SP.POP.TOTL,Nigeria,NGA,213401323
"Population, total",SP.POP.TOTL,North Macedonia,MKD,2065092
"Population, total",SP.POP.TOTL,Northern Mariana Islands,MNP,49481
"Population, total",SP.POP.TOTL,Norway,NOR,5408320
"Population, total",SP.POP.TOTL,Oman,OMN,4520471
"Population, total",SP.POP.TOTL,Pakistan,PAK,231402117
"Population, total",SP.POP.TOTL,Palau,PLW,18024
"Population, total",SP.POP.TOTL,Panama,PAN,4351267
"Population, total",SP.POP.TOTL,Papua New Guinea,PNG,9949437
"Population, total",SP.POP.TOTL,Paraguay,PRY,6703799
"Population, total",SP.POP.TOTL,Peru,PER,33715471
"Population, total",SP.POP.TOTL,Philippines,PHL,113880328
"Population, total",SP.POP.TOTL,Poland,POL,37747124
"Population, total",SP.POP.TOTL,Portugal,PRT,10325147
"Population, total",SP.POP.TOTL,Puerto Rico,PRI,3263584
"Population, total",SP.POP.TOTL,Qatar,QAT,2688235
"Population, total",SP.POP.TOTL,Romania,ROU,19119880
"Population, total",SP.POP.TOTL,Russian Federation,RUS,143449286
"Population, total",SP.POP.TOTL,Rwanda,RWA,13461888
"Population, total",SP.POP.TOTL,Samoa,WSM,218764
"Population, total",SP.POP.TOTL,San Marino,SMR,33745
"Population, total",SP.POP.TOTL,Sao Tome and Principe,STP,223107
"Population, total",SP.POP.TOTL,Saudi Arabia,SAU,35950396
"Population, total",SP.POP.TOTL,Senegal,SEN,16876720
"Population, total",SP.POP.TOTL,Serbia,SRB,6834326
"Population, total",SP.POP.TOTL,Seychelles,SYC,99258
"Population, total",SP.POP.TOTL,Sierra Leone,SLE,8420641
"Population, total",SP.POP.TOTL,Singapore,SGP,5453566
"Population, total",SP.POP.TOTL,Sint Maarten (Dutch part),SXM,42846
"Population, total",SP.POP.TOTL,Slovak Republic,SVK,5447247
"Population, total",SP.POP.TOTL,Slovenia,SVN,2108079
"Population, total",SP.POP.TOTL,Solomon Islands,SLB,707851
"Population, total",SP.POP.TOTL,Somalia,SOM,17065581
"Population, total",SP.POP.TOTL,South Africa,ZAF,59392255
"Population, total",SP.POP.TOTL,South Sudan,SSD,10748272
"Population, total",SP.POP.TOTL,Spain,ESP,47415750
"Population, total",SP.POP.TOTL,Sri Lanka,LKA,22156000
"Population, total",SP.POP.TOTL,St. Kitts and Nevis,KNA,47606
"Population, total",SP.POP.TOTL,St. Lucia,LCA,179651
"Population, total",SP.POP.TOTL,St. Martin (French part),MAF,31948
"Population, total",SP.POP.TOTL,St. Vincent and the Grenadines,VCT,104332
"Population, total",SP.POP.TOTL,Sudan,SDN,45657202
"Population, total",SP.POP.TOTL,Suriname,SUR,612985
"Population, total",SP.POP.TOTL,Sweden,SWE,10415811
"Population, total",SP.POP.TOTL,Switzerland,CHE,8703405
"Population, total",SP.POP.TOTL,Syrian Arab Republic,SYR,21324367
"Population, total",SP.POP.TOTL,Tajikistan,TJK,9750064
"Population, total",SP.POP.TOTL,Tanzania,TZA,63588334
"Population, total",SP.POP.TOTL,Thailand,THA,71601103
"Population, total",SP.POP.TOTL,Timor-Leste,TLS,1320942
"Population, total",SP.POP.TOTL,Togo,TGO,8644829
"Population, total",SP.POP.TOTL,Tonga,TON,106017
"Population, total",SP.POP.TOTL,Trinidad and Tobago,TTO,1525663
"Population, total",SP.POP.TOTL,Tunisia,TUN,12262946
"Population, total",SP.POP.TOTL,Turkiye,TUR,84775404
"Population, total",SP.POP.TOTL,Turkmenistan,TKM,6341855
"Population, total",SP.POP.TOTL,Turks and Caicos Islands,TCA,45114
"Population, total",SP.POP.TOTL,Tuvalu,TUV,11204
"Population, total",SP.POP.TOTL,Uganda,UGA,45853778
"Population, total",SP.POP.TOTL,Ukraine,UKR,43792855
"Population, total",SP.POP.TOTL,United Arab Emirates,ARE,9365145
"Population, total",SP.POP.TOTL,United Kingdom,GBR,67326569
"Population, total",SP.POP.TOTL,United States,USA,331893745
"Population, total",SP.POP.TOTL,Uruguay,URY,3426260
"Population, total",SP.POP.TOTL,Uzbekistan,UZB,34915100
"Population, total",SP.POP.TOTL,Vanuatu,VUT,319137
"Population, total",SP.POP.TOTL,"Venezuela, RB",VEN,28199867
"Population, total",SP.POP.TOTL,Vietnam,VNM,97468029
"Population, total",SP.POP.TOTL,Virgin Islands (U.S.),VIR,105870
"Population, total",SP.POP.TOTL,West Bank and Gaza,PSE,4922749
"Population, total",SP.POP.TOTL,"Yemen, Rep.",YEM,32981641
"Population, total",SP.POP.TOTL,Zambia,ZMB,19473125
"Population, total",SP.POP.TOTL,Zimbabwe,ZWE,15993524
"Population, total",SP.POP.TOTL,Africa Eastern and Southern,AFE,702976832
"Population, total",SP.POP.TOTL,Africa Western and Central,AFW,478185907
"Population, total",SP.POP.TOTL,Arab World,ARB,456520777
"Population, total",SP.POP.TOTL,Caribbean small states,CSS,7481877
"Population, total",SP.POP.TOTL,Central Europe and the Baltics,CEB,101430997
"Population, total",SP.POP.TOTL,Early-demographic dividend,EAR,3411889059
"Population, total",SP.POP.TOTL,East Asia & Pacific,EAS,2370204347
"Population, total",SP.POP.TOTL,East Asia & Pacific (excluding high income),EAP,2123673456
"Population, total",SP.POP.TOTL,East Asia & Pacific (IDA & IBRD countries),TEA,2097669023
"Population, total",SP.POP.TOTL,Euro area,EMU,343067846
"Population, total",SP.POP.TOTL,Europe & Central Asia,ECS,923777214
"Population, total",SP.POP.TOTL,Europe & Central Asia (excluding high income),ECA,401575218
"Population, total",SP.POP.TOTL,Europe & Central Asia (IDA & IBRD countries),TEC,462341222
"Population, total",SP.POP.TOTL,European Union,EUU,447199800
"Population, total",SP.POP.TOTL,Fragile and conflict affected situations,FCS,1001462452
"Population, total",SP.POP.TOTL,Heavily indebted poor countries (HIPC),HPC,861156745
"Population, total",SP.POP.TOTL,High income,HIC,1240629858
"Population, total",SP.POP.TOTL,IBRD only,IBD,4895364297
"Population, total",SP.POP.TOTL,IDA & IBRD total,IBT,6695397735
"Population, total",SP.POP.TOTL,IDA blend,IDB,595016031
"Population, total",SP.POP.TOTL,IDA only,IDX,1205017407
"Population, total",SP.POP.TOTL,IDA total,IDA,1800033438
"Population, total",SP.POP.TOTL,Late-demographic dividend,LTE,2321862159
"Population, total",SP.POP.TOTL,Latin America & Caribbean,LCN,654981699
"Population, total",SP.POP.TOTL,Latin America & Caribbean (excluding high income),LAC,593308001
"Population, total",SP.POP.TOTL,Latin America & the Caribbean (IDA & IBRD countries),TLA,639188695
"Population, total",SP.POP.TOTL,Least developed countries: UN classification,LDC,1099568566
"Population, total",SP.POP.TOTL,Low & middle income,LMY,6619578961
"Population, total",SP.POP.TOTL,Low income,LIC,709088502
"Population, total",SP.POP.TOTL,Lower middle income,LMC,3398187527
"Population, total",SP.POP.TOTL,Middle East & North Africa,MEA,486167363
"Population, total",SP.POP.TOTL,Middle East & North Africa (excluding high income),MNA,418047201
"Population, total",SP.POP.TOTL,Middle East & North Africa (IDA & IBRD countries),TMN,413124452
"Population, total",SP.POP.TOTL,Middle income,MIC,5901323889
"Population, total",SP.POP.TOTL,North America,NAC,370203720
"Population, total",SP.POP.TOTL,Not classified,INX,..
"Population, total",SP.POP.TOTL,OECD members,OED,1372736513
"Population, total",SP.POP.TOTL,Other small states,OSS,32708003
"Population, total",SP.POP.TOTL,Pacific island small states,PSS,2602173
"Population, total",SP.POP.TOTL,Post-demographic dividend,PST,1116796245
"Population, total",SP.POP.TOTL,Pre-demographic dividend,PRE,1011043183
"Population, total",SP.POP.TOTL,Small states,SST,42792053
"Population, total",SP.POP.TOTL,South Asia,SAS,1901911604
"Population, total",SP.POP.TOTL,South Asia (IDA & IBRD),TSA,1901911604
"Population, total",SP.POP.TOTL,Sub-Saharan Africa,SSF,1181162739
"Population, total",SP.POP.TOTL,Sub-Saharan Africa (excluding high income),SSA,1181063481
"Population, total",SP.POP.TOTL,Sub-Saharan Africa (IDA & IBRD countries),TSS,1181162739
"Population, total",SP.POP.TOTL,Upper middle income,UMC,2503136362
"Population, total",SP.POP.TOTL,World,WLD,7888408686
